Rank;Producto;Tipo;Link;Precio;Precio tachado;Puesto en mas vendidos de Vovia;Lanzado;Notas
1;Ciara Suede;Bolso;https://voviabags.com/products/ciara-suede;65.00;86.00;#3;2024-12-24;3er mas vendido de la tienda
2;Woven Oversized;Bolso;https://voviabags.com/products/woven-oversized-kopie-2;60.00;82.00;#7;2024-12-20;"Bolso trenzado oversize; muy alto en ventas"
3;Ciara Vintage - Limited Edition;Bolso;https://voviabags.com/products/ciara-vintage-canvas;76.00;109.00;#12;2026-04-08;"8 anuncios activos en UK (medido); edicion limitada"
4;Ciara Genuine Leather;Bolso;https://voviabags.com/products/ciara-premium-copy;82.00;121.00;#17;2025-09-08;Version piel genuina del Ciara
5;Ciara Mini;Bolso;https://voviabags.com/products/ciara-mini-coffee;60.00;;#21;2026-05-26;Version mini lanzada en mayo 2026
6;Ciara Nova;Bolso;https://voviabags.com/products/ciara-nova-1;51.00;;#27;2025-09-08;
7;Vintage Tote;Bolso;https://voviabags.com/products/everyday-shopper-3;42.00;60.00;#32;2024-11-08;
8;Hailey Woven;Bolso;https://voviabags.com/products/hailey-woven;65.00;86.00;#34;2025-04-23;
9;Lara Suede;Bolso;https://voviabags.com/products/lara-suede;69.00;100.00;#39;2026-02-03;
10;Rhea Oversized;Bolso;https://voviabags.com/products/rhea-oversized-copy;78.00;101.00;#40;2026-03-23;
11;Baggy Vegan Leather;Bolso;https://voviabags.com/products/baggy-vegan-leather-2;54.00;;#51;2025-05-19;
12;Valentina Tote;Bolso;https://voviabags.com/products/valentina-tote-3;56.00;78.00;#56;2025-10-06;
13;Moiré Suede;Bolso;https://voviabags.com/products/suede-mini;55.00;;#61;2025-02-27;
14;Vintage Work;Bolso;https://voviabags.com/products/kopie-van-vintage-work-3;68.00;;#67;2023-12-07;
15;Ciara Beauty Bag;Neceser;https://voviabags.com/products/ciara-beauty-bag-black;40.00;;#23;2026-06-29;Accesorio de la linea Ciara (upsell)
16;Wallet Vintage;Cartera;https://voviabags.com/products/wallet-2;21.00;28.00;#9;2025-11-24;Upsell/cross-sell barato
17;Ciara Vintage Pouch;Pouch;https://voviabags.com/products/ciara-vintage-pouch;15.00;28.00;#11;2025-11-11;Upsell/cross-sell barato
18;Wallet Suede;Cartera;https://voviabags.com/products/wallet;23.00;28.00;#19;2025-11-24;
19;Ciara Suede Pouch;Pouch;https://voviabags.com/products/ciara-vintage-pouch-1;17.00;28.00;#16;2025-11-11;
20;Ciara Wallet;Cartera;https://voviabags.com/products/ciara-wallet-black;34.00;;#45;2026-06-29;
