Categoria;Estado;Producto;Tienda;Link;Anuncios activos (min);Creativos distintos;Activo desde;Notas
Bolsos;Winner;Bolso piel vintage (Vintage Shoulder Bag);levence.com;https://levence.com/products/levence-premium-leather-shoulder-bag;66;56;2026-05-08;Tienda de un solo producto
Bolsos;Winner;The Brooklyn Bag;ayvaofficial.com;https://ayvaofficial.com/collections/all-bags/products/the-brooklyn-bag;65;56;2026-05-26;Suma de 2 URLs del mismo producto (50+15)
Bolsos;Winner;Mochila de compresion para viaje;twopackbag.com;https://twopackbag.com/products/twopackbag;50;44;2026-08-10;Unisex
Bolsos;Winner;Bandolera The Foldie Sling Bag;the-foldie.co.uk;https://the-foldie.co.uk/products/the-foldie%C2%AE-sling-bag;48;42;2026-08-31;
Bolsos;Winner;Bolso Ciara (varias versiones);voviabags.com;https://voviabags.com/products/ciara-special-edition;45;37;2026-06-30;Suma de Special Edition (22) + Vintage (15) + Vintage Canvas (8)
Bolsos;Winner;Travel Sling Bag 2.0;conceptglobal.co;https://conceptglobal.co/products/travel-sling-bag-2-0;43;43;2026-06-20;Muchos anuncios recientes; el producto lleva activo desde junio
Bolsos;Winner;Bolso hobo antirrobo;libracases.com;https://libracases.com/products/luxury-hobo-handbag-special-gift-1;41;36;2026-03-23;
Bolsos;Winner;Overpack Bag (mochila de compresion);overpackbag.com;https://overpackbag.com/products/overpack-bag%E2%84%A2;36;35;2026-03-10;Unisex; ademas 19 anuncios a advertorial del mismo producto
Bolsos;Winner;Tri-Sling Bag;armarex.store;https://armarex.store/products/tri-sling-bag-diamond-ripstop-espresso;33;30;2026-05-31;Suma de varios colores; unisex
Bolsos;Winner;Bolso ONA;olend.net;https://olend.net/products/ona;32;27;2025-10-12;
Bolsos;Winner;Maya Tote;ooomay.com;https://ooomay.com/collections/all-bags/products/maya-tote;30;30;2024-07-25;
Bolsos;Casi winner (+20);Florvane bolso de piel;chiccharm.group;https://chiccharm.group/products/florvane-leather-handbag;21;10;2026-04-19;
Bolsos;Casi winner (+20);Bolsos BOGO;wander-plus.com;https://wander-plus.com/products/bogo-bag;21;21;2026-05-13;Suma de bogo-bag (12) + native-bags (9)
Bolsos;Casi winner (+20);Aryna Bag;maisonginza.com;https://maisonginza.com/products/aryna-bag;20;20;2026-01-18;
Bolsos;Casi winner (+20);TOTE Sling Bag;totelabel.com;https://totelabel.com/products/slingbag-black;19;10;2026-06-21;Ademas 28 anuncios a la home de la marca
Ropa;Winner;Braguita moldeadora Sculpt Brief;saybeam.com;https://saybeam.com/products/saybeam-sculpt-brief;81;47;2026-07-10;
Ropa;Winner;Chaqueta impermeable STM-Tex oversize;puffit.com;https://puffit.com/products/stm-tex-short-oversized-rain-jacket-stay-puffit;77;26;2026-07-12;VERIFICAR LINK: es el que muestra el anuncio (la URL real salia recortada)
Ropa;Winner;Short moldeador antienrollable;tryfemlush.com;https://tryfemlush.com/products/anti-roll-shaper-shorts;60;60;2025-08-04;
Ropa;Winner;Leggings con forro polar;irazia.com;https://irazia.com/products/fleece-leggings;58;58;2025-10-28;
Ropa;Winner;Short moldeador Tuck-N-Lift;bellashapewear.com;https://bellashapewear.com/products/tuck-n-lift-seamless-slip-short;57;55;2026-06-19;Clon en bybelleshapewear.com
Ropa;Winner;Sujetador Deep-V sin aros;madammuse.co;https://madammuse.co/products/wireless-deep-v-shaping-bra;49;36;2026-03-24;
Ropa;Winner;Chaqueta impermeable con capucha;puffit.com;https://puffit.com/products/summer-hoodie-raincoat-jacket;44;8;2026-07-31;Misma tienda que la STM-Tex
Ropa;Winner;Leggings acampanados Elevate (coleccion);thrivin.com;https://thrivin.com/collections/elevate;43;12;2026-08-27;Link de coleccion
Ropa;Casi winner (+20);Mono vaquero Relaxed Fit Coverall;madepants.com;https://madepants.com/collections/womens-jumpsuits;28;2;2026-07-02;Link de coleccion (URL del producto recortada); pocos creativos
Ropa;Casi winner (+20);Peto de cuadros wide-leg;madepants.com;https://madepants.com/collections/womens-overalls;21;3;2026-04-01;Link de coleccion; pocos creativos
Calzado;Winner;All Day Comfortable Walker;olyndralondon.com;https://olyndralondon.com/products/all-day-comfortable-walker;86;54;2026-05-12;Se anuncia sobre todo con hombres
Calzado;Winner;Bailarina ortopedica Tressa;bomre.com;https://bomre.com/products/tressa-orthopedic-mule-flats;63;25;2026-03-19;
Calzado;Winner;Zapatillas barefoot;bearefoot.com;https://bearefoot.com;60;34;2026-01-23;Los anuncios llevan a la home; producto principal Groovers
Calzado;Winner;Ortho Stretch Comfort Shoes;cloudsslides.co.uk;https://cloudsslides.co.uk/products/ortho-stretch-comfort-shoes%E2%84%A2;59;56;2026-04-27;Incluye anuncios al advertorial del mismo producto
Calzado;Winner;Stepprs massage;stepprs.com;https://stepprs.com/products/massage;57;38;2025-07-28;VERIFICAR si es zapato o plantilla
Calzado;Winner;Zapatillas barefoot BOGO;voyabarefoot.com;https://voyabarefoot.com/collections/bogo;54;51;2026-06-03;Suma de varias landings (os18, osn17, bogo)
Calzado;Winner;Zapatillas de casa Pluffi;pluffi.com;https://pluffi.com/products/pluffi-slippers-uk;49;48;2024-10-17;Incluye URL bogo
Calzado;Winner;Sandalia de suela gruesa acolchada;belksale.com;https://belksale.com/products/womens-thick-soled-cushioned-casual-sandals;45;3;2026-08-24;Pocos creativos; misma empresa que belkmalls
Calzado;Winner;Slip-on ortopedico de mujer;belksale.com;https://belksale.com/products/orthopaedic-slip-on-shoes-for-women-uk;41;4;2026-09-03;Pocos creativos
Calzado;Winner;Zuecos de ante;qomfortco.com;https://qomfortco.com/products/genuine-suede-clogs-by-qomfort;38;23;2025-09-23;
Calzado;Winner;Zapatilla ortopedica Mia;olyndralondon.com;https://olyndralondon.com/products/mia-comfortabele-orthopedische-sneakers;33;20;2025-12-03;
Calzado;Winner;Botas de nieve de mujer;belkmalls.com;https://belkmalls.com/products/womens-winter-thick-sole-warm-snow-boots-a;33;2;2025-11-25;Pocos creativos
Calzado;Casi winner (+20);Sandalia ortopedica abierta;belksale.com;https://belksale.com/products/womens-comfortable-open-toe-orthopaedic-sandals;26;7;2026-07-15;
Calzado;Casi winner (+20);Bota alta de ante;brillantshoes.com;https://brillantshoes.com/products/faux-suede-knee-high-stretch-boot-2;26;3;2025-11-03;Pocos creativos
Calzado;Casi winner (+20);Coleccion calzado de verano;qomfortco.com;https://qomfortco.com/collections/qomforts-comfort-summer-shoes;25;6;2025-12-10;Link de coleccion
