Categoria;Rank;Producto;Tienda;Link;Precio;Precio tachado;Anuncios activos UK (medidos);Puesto en mas vendidos de la tienda;Por que es winner / notas
Bolsos;1;Premium Leather Shoulder Bag;levence.com;https://levence.com/products/levence-premium-leather-shoulder-bag;53.00;105.00;66;#1 (tienda de 1 producto);66 anuncios y 56 creativos; tienda monoproducto escalando desde mayo
Bolsos;2;The Brooklyn Bag;ayvaofficial.com;https://ayvaofficial.com/products/the-brooklyn-bag;48.00;86.00;65;#1;65 anuncios y 56 creativos desde mayo
Bolsos;6;Ciara Vintage;voviabags.com;https://voviabags.com/products/ciara-vintage;76.00;113.00;45 (linea Ciara);#1;Linea Ciara con 3 versiones anunciadas
Bolsos;7;Travel Sling Bag 2.0;conceptglobal.co;https://conceptglobal.co/products/travel-sling-bag-2-0;44.90;;43;#2;43 creativos distintos
Bolsos;8;Luxury Leather Hobo Anti-Theft Handbag + Pouch;libracases.com;https://libracases.com/products/luxury-hobo-handbag-special-gift-1;39.95;79.90;41;#2;Activo desde marzo; 36 creativos
Bolsos;9;Luxury Leather Hobo Anti-Theft Handbag 2.0;libracases.com;https://libracases.com/products/luxury-anti-theft-hobo-bag-2-0;54.95;109.90;5;#1;Nueva version del hobo; ya es el mas vendido de la tienda
Bolsos;10;OverPackBag (mochila compresion);overpackbag.com;https://overpackbag.com/products/overpack-bag%E2%84%A2;49.99;99.98;36;#1;Ademas 19 anuncios a advertorial; unisex
Bolsos;12;Ona Soft Bag;olend.net;https://olend.net/products/ona;82.00;;32;#1;Activo desde oct 2025
Bolsos;13;The Maya (tote);ooomay.com;https://ooomay.com/products/the-maya;44.00;89.00;30;#1;Anunciado desde 2024
Bolsos;14;Nova Sling;ayvaofficial.com;https://ayvaofficial.com/products/nova-sling;35.00;70.00;;#2;Segundo mas vendido de Ayva
Bolsos;15;Florvane Leather Handbag;chiccharm.group;https://chiccharm.group/products/florvane-leather-handbag;68.00;121.00;21;#1;Casi winner en anuncios
Bolsos;16;WANDER+ Anti-Theft Travel Bag;wander-plus.com;https://wander-plus.com/products/native-bags;29.99;;21;#1 (bolsos);Oferta BOGO
Bolsos;17;Aryna Bag;maisonginza.com;https://maisonginza.com/products/aryna-bag;;;20;;20 creativos; desde enero
Bolsos;18;Dumpling Bag;olend.net;https://olend.net/products/dumpling-bag;87.00;;13;#2;
Bolsos;19;The Blair (tote);ooomay.com;https://ooomay.com/products/blair-tote-bag;69.00;119.00;15;#3;
Bolsos;20;Lucia Woven Bag;soera-store.com;https://soera-store.com/products/lucia-woven-handbag;74.00;136.00;11;#1;Bolso trenzado; tendencia
Bolsos;21;GoFree - The Roomiest Bum Bag;emmafy.com;https://emmafy.com/products/gofree-the-roomiest-crossbody;69.97;;13;#1;
Bolsos;22;SIV Sling Bag;totelabel.com;https://totelabel.com/products/slingbag-black;51.00;69.00;19 (+28 a la home);#4;
Bolsos;23;Ciara Essential;voviabags.com;https://voviabags.com/products/ciara-special-edition;78.00;109.00;22;#4;
Bolsos;25;The Marseille;ayvaofficial.com;https://ayvaofficial.com/products/the-marseille;70.00;87.00;;#4;
Bolsos;26;Vintage Bag;libracases.com;https://libracases.com/products/libra-vintage-bag;34.95;69.90;12;#6;
Bolsos;27;Crossbody Bag 2.0;conceptglobal.co;https://conceptglobal.co/products/crossbody-bag;39.90;;;#5;
Bolsos;28;The Julie (crossbody);ooomay.com;https://ooomay.com/products/the-julie-crossbody;49.00;90.00;;#4;
Bolsos;29;Gerda Shopper Bag;soera-store.com;https://soera-store.com/products/gerda-shopper-bag;74.00;;7;#12;
Bolsos;30;MiniOna Soft Bag;olend.net;https://olend.net/products/mini-ona;77.00;;;#3;
Bolsos;31;Ciara Suede;voviabags.com;https://voviabags.com/products/ciara-suede;65.00;86.00;;#3;"Precio en EUR; Lanzado 2024-12-24; 3er mas vendido de la tienda"
Bolsos;32;Woven Oversized;voviabags.com;https://voviabags.com/products/woven-oversized-kopie-2;60.00;82.00;;#7;"Precio en EUR; Lanzado 2024-12-20; Bolso trenzado oversize; muy alto en ventas"
Bolsos;33;Ciara Vintage - Limited Edition;voviabags.com;https://voviabags.com/products/ciara-vintage-canvas;76.00;109.00;8;#12;"Precio en EUR; Lanzado 2026-04-08; 8 anuncios activos en UK (medido); edicion limitada"
Bolsos;34;Ciara Genuine Leather;voviabags.com;https://voviabags.com/products/ciara-premium-copy;82.00;121.00;;#17;"Precio en EUR; Lanzado 2025-09-08; Version piel genuina del Ciara"
Bolsos;35;Ciara Mini;voviabags.com;https://voviabags.com/products/ciara-mini-coffee;60.00;;;#21;"Precio en EUR; Lanzado 2026-05-26; Version mini lanzada en mayo 2026"
Bolsos;36;Ciara Nova;voviabags.com;https://voviabags.com/products/ciara-nova-1;51.00;;;#27;"Precio en EUR; Lanzado 2025-09-08"
Bolsos;37;Vintage Tote;voviabags.com;https://voviabags.com/products/everyday-shopper-3;42.00;60.00;;#32;"Precio en EUR; Lanzado 2024-11-08"
Bolsos;38;Hailey Woven;voviabags.com;https://voviabags.com/products/hailey-woven;65.00;86.00;;#34;"Precio en EUR; Lanzado 2025-04-23"
Bolsos;39;Lara Suede;voviabags.com;https://voviabags.com/products/lara-suede;69.00;100.00;;#39;"Precio en EUR; Lanzado 2026-02-03"
Bolsos;40;Rhea Oversized;voviabags.com;https://voviabags.com/products/rhea-oversized-copy;78.00;101.00;;#40;"Precio en EUR; Lanzado 2026-03-23"
Bolsos;41;Baggy Vegan Leather;voviabags.com;https://voviabags.com/products/baggy-vegan-leather-2;54.00;;;#51;"Precio en EUR; Lanzado 2025-05-19"
Bolsos;42;Valentina Tote;voviabags.com;https://voviabags.com/products/valentina-tote-3;56.00;78.00;;#56;"Precio en EUR; Lanzado 2025-10-06"
Bolsos;43;Moiré Suede;voviabags.com;https://voviabags.com/products/suede-mini;55.00;;;#61;"Precio en EUR; Lanzado 2025-02-27"
Bolsos;44;Vintage Work;voviabags.com;https://voviabags.com/products/kopie-van-vintage-work-3;68.00;;;#67;"Precio en EUR; Lanzado 2023-12-07"
Bolsos;45;Ciara Beauty Bag;voviabags.com;https://voviabags.com/products/ciara-beauty-bag-black;40.00;;;#23;"Neceser; Precio en EUR; Lanzado 2026-06-29; Accesorio de la linea Ciara (upsell)"
Bolsos;46;Wallet Vintage;voviabags.com;https://voviabags.com/products/wallet-2;21.00;28.00;;#9;"Cartera; Precio en EUR; Lanzado 2025-11-24; Upsell/cross-sell barato"
Bolsos;47;Ciara Vintage Pouch;voviabags.com;https://voviabags.com/products/ciara-vintage-pouch;15.00;28.00;;#11;"Pouch; Precio en EUR; Lanzado 2025-11-11; Upsell/cross-sell barato"
Bolsos;48;Wallet Suede;voviabags.com;https://voviabags.com/products/wallet;23.00;28.00;;#19;"Cartera; Precio en EUR; Lanzado 2025-11-24"
Bolsos;49;Ciara Suede Pouch;voviabags.com;https://voviabags.com/products/ciara-vintage-pouch-1;17.00;28.00;;#16;"Pouch; Precio en EUR; Lanzado 2025-11-11"
Bolsos;50;Ciara Wallet;voviabags.com;https://voviabags.com/products/ciara-wallet-black;34.00;;;#45;"Cartera; Precio en EUR; Lanzado 2026-06-29"
Ropa;1;Sculpt Brief (braguita moldeadora);saybeam.com;https://saybeam.com/products/saybeam-sculpt-brief;30.57;;81;#1;81 anuncios y 47 creativos
Ropa;2;STM-TEX Short Oversized Rain Jacket;puffit.com;https://puffit.com/products/stm-tex-short-oversized-rain-jacket-stay-puffit;54.99;79.99;77;#1;Tienda con ~1.200 anuncios en UK
Ropa;3;Anti-Roll Shaper Shorts;tryfemlush.com;https://tryfemlush.com/products/anti-roll-shaper-shorts;;;60;;60 creativos; desde ago 2025
Ropa;4;Sheer Illusion Fleece-Lined Tights;irazia.com;https://irazia.com/products/fleece-leggings;27.00;46.00;58;#1;58 creativos; temporada otono-invierno
Ropa;5;Tuck-N-Lift Seamless Slip Short;bellashapewear.com;https://bellashapewear.com/products/tuck-n-lift-seamless-slip-short;35.00;;57;#1;Clon en bybelleshapewear.com
Ropa;6;Wireless Lifting Jelly Bra;madammuse.co;https://madammuse.co/products/wireless-deep-v-shaping-bra;19.95;39.90;49;#1;36 creativos
Ropa;7;STM-TEX Classic Relaxed Fit Rain Hoodie;puffit.com;https://puffit.com/products/summer-hoodie-raincoat-jacket;49.99;79.99;44;#3;
Ropa;8;Elevate Sculpting Flare Leggings;thrivin.com;https://thrivin.com/products/elevate-sculpting-mid-v-waist-flare-leggings-latte;48.00;61.00;43 (linea Elevate);#2;
Ropa;9;Women's Relaxed Fit Denim Coverall Jumpsuit;madepants.com;https://madepants.com/collections/womens-jumpsuits;;;28;;Link de coleccion; pocos creativos
Ropa;10;Women's Plaid Wide-Leg Overalls;madepants.com;https://madepants.com/collections/womens-overalls;;;21;;Link de coleccion
Ropa;11;STM-TEX Fleece Lined Short Oversized Rain Jacket;puffit.com;https://puffit.com/products/stm-tex-one-size-short-oversized-fleece-lined-rain-jacket;69.99;109.99;;#4;Version invierno lanzada en agosto
Ropa;12;WarmCore Faux Fur Lined Hooded Short Puffer;puffit.com;https://puffit.com/products/warmcore-premium-faux-fur-lined-short-puffer-jacket-with-removable-hood;79.99;129.99;;#6;Puffer de invierno
Ropa;13;WarmCore Classic Short Detachable Hooded Puffer;puffit.com;https://puffit.com/products/detachable-hood-puffer-jacket;59.99;69.99;;#5;
Ropa;14;STM-TEX Fleece Lined Relaxed Fit Rain Hoodie;puffit.com;https://puffit.com/products/stm-tex-fleece-lined-relaxed-fit-rain-hoodie;64.99;99.99;;#12;
Ropa;15;Feathra Ultralight Down Jacket;olyndralondon.com;https://olyndralondon.com/products/feathra-ultralight-down-jacket;28.00;50.00;16+;#3;Tienda con ~1.400 anuncios en UK
Ropa;16;Satin Scoop Neck Camisole Maxi Dress;becauseofalice.com;https://becauseofalice.com/products/satin-scoop-neck-camisole-maxi-dress-carob-1;100.00;;16;;Vestido anunciado desde mar 2025
Ropa;17;Serena Heritage Coat;olyndralondon.com;https://olyndralondon.com/products/serena-heritage-coat;28.00;;;#11;
Ropa;18;Amelie Overcoat;olyndralondon.com;https://olyndralondon.com/products/amelie-overcoat;32.00;;;#18;
Ropa;19;Lottie Cosy Oversized Sweater;grace-and-oliver.com;https://grace-and-oliver.com/products/lottie-sweater;29.95;149.95;;#2;Tienda con ~3.500 anuncios en UK
Ropa;20;Cynthia Artful Hooded Cardigan;grace-and-oliver.com;https://grace-and-oliver.com/products/cynthia-cardigan;39.95;199.95;11 (coleccion cardigans);#3;
Ropa;21;Rachel Heritage Herringbone Jacket;grace-and-oliver.com;https://grace-and-oliver.com/products/rachel-jacket;54.95;274.95;;#5;
Ropa;22;Vivienne Cowl Neck Knit Jumper;grace-and-oliver.com;https://grace-and-oliver.com/products/vivienne-jumper;39.95;199.95;;#7;
Ropa;23;Lorena Floral Sleeveless Midi Dress;grace-and-oliver.com;https://grace-and-oliver.com/products/lorena-dress;39.95;;;#10;Vestido
Ropa;24;Francesca Geometric Sleeveless Maxi Dress;grace-and-oliver.com;https://grace-and-oliver.com/products/francescadress;39.95;;;#15;Vestido
Ropa;25;Seamless Balconette Bra;madammuse.co;https://madammuse.co/products/seamless-balconette-bra;19.95;39.90;14;#3;
Ropa;26;Deep V Wireless Push-Up Bra;bellashapewear.com;https://bellashapewear.com/products/deep-v-wireless-push-up-bra;23.00;31.00;;#2;
Ropa;27;Thermal Zip-Up Jumpsuit;irazia.com;https://irazia.com/products/fleece-jumpsuit;38.00;62.00;;#6;
Ropa;28;Rosalia Elegant Jacket with Stand Collar;soera-store.com;https://soera-store.com/products/rosalia-elegant-jacket-with-stand-collar-jacket;79.00;158.00;;#4;
Ropa;29;Carla Asymmetrical Leather Jacket;soera-store.com;https://soera-store.com/products/celine-asymmetrical-leather-jacket;102.00;203.00;8;#6;
Ropa;30;Lucie Faux Fur Maxi Coat;soera-store.com;https://soera-store.com/products/lucie-faux-fur-maxi-coat;125.00;;;#9;
Calzado;1;All-Day Ultra Comfortable Walker;olyndralondon.com;https://olyndralondon.com/products/all-day-comfortable-walker;24.00;40.00;86;#1;Se anuncia mas con hombres
Calzado;2;Tressa Orthopedic Mule Flats;bomre.com;https://bomre.com/products/tressa-orthopedic-mule-flats;59.99;149.99;63;#1;
Calzado;3;Groovers (barefoot);bearefoot.com;https://bearefoot.com/products/groovers;78.99;174.99;60 (marca) + 12;#1;
Calzado;4;Ortho Stretch Comfort Shoes;cloudsslides.co.uk;https://cloudsslides.co.uk/products/ortho-stretch-comfort-shoes%E2%84%A2;49.99;75.00;59;#4;
Calzado;5;Solyn (barefoot, BOGO);voyabarefoot.com;https://voyabarefoot.com/products/solyn-bogo;79.95;129.99;54 (landings);#1;
Calzado;6;Pluffi Slippers;pluffi.com;https://pluffi.com/products/pluffi-slippers;27.00;;49;#2;Anunciado desde 2024
Calzado;7;Thick-Soled Cushioned Casual Sandals;belksale.com;https://belksale.com/products/womens-thick-soled-cushioned-casual-sandals;;;45;;Pocos creativos (3)
Calzado;8;Orthopaedic Slip-On Shoes for Women;belksale.com;https://belksale.com/products/orthopaedic-slip-on-shoes-for-women-uk;;;41;;Pocos creativos (4)
Calzado;9;Genuine Suede Clogs;qomfortco.com;https://qomfortco.com/products/genuine-suede-clogs-by-qomfort;49.00;98.00;38;#1;
Calzado;10;Mia Orthopedic Sneakers;olyndralondon.com;https://olyndralondon.com/products/mia-comfortabele-orthopedische-sneakers;28.00;50.00;33;#2;
Calzado;11;Women's Winter Thick Sole Warm Snow Boots;belkmalls.com;https://belkmalls.com/products/womens-winter-thick-sole-warm-snow-boots-a;;;33;;Pocos creativos (2)
Calzado;12;Women's Open-Toe Orthopaedic Sandals;belksale.com;https://belksale.com/products/womens-comfortable-open-toe-orthopaedic-sandals;;;26;;
Calzado;13;Faux Suede Knee-High Stretch Boot;brillantshoes.com;https://brillantshoes.com/products/faux-suede-knee-high-stretch-boot-2;;;26;;
Calzado;14;Fur Cozy Slippers;cloudsslides.co.uk;https://cloudsslides.co.uk/products/fur-cozy-slippers%E2%84%A2;23.99;40.00;;#1;Mas vendido de la tienda
Calzado;15;Montra Orthopedic Shoes;bomre.com;https://bomre.com/products/montra-orthopedic-shoes;59.99;160.00;;#4;
Calzado;16;Calvona Orthopedic Slip-Ons;bomre.com;https://bomre.com/products/calvona-orthopedic-slip-ons;49.99;110.00;;#6;
Calzado;17;Sledders (barefoot invierno);bearefoot.com;https://bearefoot.com/products/sledders;76.99;169.99;;#2;
Calzado;18;Piper Western Pull-On Ankle Boots;grace-and-oliver.com;https://grace-and-oliver.com/products/piper-ankle-boots;44.95;224.95;;#4;
Calzado;19;100% Vegan Suede Clogs;qomfortco.com;https://qomfortco.com/products/vegan-suede-clogs;69.00;89.00;;#3;
Calzado;20;Paloma Vintage Western Ankle Boots;olyndralondon.com;https://olyndralondon.com/products/paloma-vintage-western-ankle-boots;31.00;;;#14;
